[{"model": "admin.logentry", "pk": 1, "fields": {"action_time": "2020-10-28T17:27:02.457Z", "user": 1, "content_type": 9, "object_id": "2", "object_repr": "Amin Patel", "action_flag": 1, "change_message": "[{\"added\": {}}]"}}, {"model": "admin.logentry", "pk": 2, "fields": {"action_time": "2020-10-28T17:27:27.888Z", "user": 1, "content_type": 8, "object_id": "1", "object_repr": "Example 1", "action_flag": 1, "change_message": "[{\"added\": {}}]"}}, {"model": "admin.logentry", "pk": 3, "fields": {"action_time": "2020-10-28T17:27:39.950Z", "user": 1, "content_type": 8, "object_id": "2", "object_repr": "Example 2", "action_flag": 1, "change_message": "[{\"added\": {}}]"}}, {"model": "admin.logentry", "pk": 4, "fields": {"action_time": "2020-10-28T17:27:48.806Z", "user": 1, "content_type": 8, "object_id": "3", "object_repr": "Exapmle 3", "action_flag": 1, "change_message": "[{\"added\": {}}]"}}, {"model": "admin.logentry", "pk": 5, "fields": {"action_time": "2020-10-28T17:28:42.088Z", "user": 1, "content_type": 9, "object_id": "3", "object_repr": "Sarfaraz", "action_flag": 1, "change_message": "[{\"added\": {}}]"}}, {"model": "admin.logentry", "pk": 6, "fields": {"action_time": "2020-10-28T17:33:48.186Z", "user": 1, "content_type": 7, "object_id": "1", "object_repr": "Amin Patel 2", "action_flag": 1, "change_message": "[{\"added\": {}}]"}}, {"model": "admin.logentry", "pk": 7, "fields": {"action_time": "2020-10-28T20:38:46.125Z", "user": 1, "content_type": 9, "object_id": "2", "object_repr": "Amin Patel", "action_flag": 2, "change_message": "[{\"changed\": {\"fields\": [\"Email address\"]}}]"}}, {"model": "admin.logentry", "pk": 8, "fields": {"action_time": "2020-10-28T20:41:28.091Z", "user": 1, "content_type": 9, "object_id": "3", "object_repr": "Sarfaraz", "action_flag": 2, "change_message": "[]"}}, {"model": "admin.logentry", "pk": 9, "fields": {"action_time": "2020-10-28T20:41:33.334Z", "user": 1, "content_type": 9, "object_id": "2", "object_repr": "Amin Patel", "action_flag": 2, "change_message": "[{\"changed\": {\"fields\": [\"Staff status\"]}}]"}}, {"model": "admin.logentry", "pk": 10, "fields": {"action_time": "2020-10-28T20:41:51.831Z", "user": 1, "content_type": 9, "object_id": "2", "object_repr": "Amin Patel", "action_flag": 2, "change_message": "[{\"changed\": {\"fields\": [\"Staff status\"]}}]"}}, {"model": "admin.logentry", "pk": 11, "fields": {"action_time": "2020-10-29T00:43:30.082Z", "user": 1, "content_type": 9, "object_id": "3", "object_repr": "Sarfaraz", "action_flag": 3, "change_message": ""}}, {"model": "admin.logentry", "pk": 12, "fields": {"action_time": "2020-10-29T00:43:37.523Z", "user": 1, "content_type": 9, "object_id": "2", "object_repr": "Amin Patel", "action_flag": 3, "change_message": ""}}, {"model": "admin.logentry", "pk": 13, "fields": {"action_time": "2020-10-29T01:11:13.693Z", "user": 1, "content_type": 9, "object_id": "4", "object_repr": "amin patel", "action_flag": 1, "change_message": "[{\"added\": {}}]"}}, {"model": "admin.logentry", "pk": 14, "fields": {"action_time": "2020-10-29T01:30:30.816Z", "user": 1, "content_type": 9, "object_id": "4", "object_repr": "amin patel", "action_flag": 3, "change_message": ""}}, {"model": "admin.logentry", "pk": 15, "fields": {"action_time": "2020-10-29T01:30:59.842Z", "user": 1, "content_type": 4, "object_id": "6", "object_repr": "amin", "action_flag": 1, "change_message": "[{\"added\": {}}]"}}, {"model": "admin.logentry", "pk": 16, "fields": {"action_time": "2020-10-29T01:31:12.511Z", "user": 1, "content_type": 4, "object_id": "6", "object_repr": "amin", "action_flag": 2, "change_message": "[{\"changed\": {\"fields\": [\"First name\", \"Last name\"]}}]"}}, {"model": "admin.logentry", "pk": 17, "fields": {"action_time": "2020-11-04T16:04:21.385Z", "user": 1, "content_type": 4, "object_id": "6", "object_repr": "amin", "action_flag": 3, "change_message": ""}}, {"model": "admin.logentry", "pk": 18, "fields": {"action_time": "2020-11-04T16:04:27.656Z", "user": 1, "content_type": 4, "object_id": "5", "object_repr": "john", "action_flag": 3, "change_message": ""}}, {"model": "admin.logentry", "pk": 19, "fields": {"action_time": "2020-11-04T19:29:29.426Z", "user": 1, "content_type": 9, "object_id": "7", "object_repr": "amin patel", "action_flag": 3, "change_message": ""}}, {"model": "admin.logentry", "pk": 20, "fields": {"action_time": "2020-11-04T19:33:45.807Z", "user": 1, "content_type": 8, "object_id": "3", "object_repr": "Exapmle 3", "action_flag": 3, "change_message": ""}}, {"model": "admin.logentry", "pk": 21, "fields": {"action_time": "2020-11-04T19:33:45.974Z", "user": 1, "content_type": 8, "object_id": "2", "object_repr": "Example 2", "action_flag": 3, "change_message": ""}}, {"model": "admin.logentry", "pk": 22, "fields": {"action_time": "2020-11-04T19:33:46.339Z", "user": 1, "content_type": 8, "object_id": "1", "object_repr": "Example 1", "action_flag": 3, "change_message": ""}}, {"model": "admin.logentry", "pk": 23, "fields": {"action_time": "2020-11-04T19:33:53.575Z", "user": 1, "content_type": 9, "object_id": "8", "object_repr": "try try", "action_flag": 3, "change_message": ""}}, {"model": "admin.logentry", "pk": 24, "fields": {"action_time": "2020-11-04T19:43:42.956Z", "user": 1, "content_type": 8, "object_id": "1", "object_repr": "Demo 122", "action_flag": 1, "change_message": "[{\"added\": {}}]"}}, {"model": "admin.logentry", "pk": 25, "fields": {"action_time": "2020-11-04T19:43:55.565Z", "user": 1, "content_type": 8, "object_id": "2", "object_repr": "Demo 100", "action_flag": 1, "change_message": "[{\"added\": {}}]"}}, {"model": "admin.logentry", "pk": 26, "fields": {"action_time": "2020-11-04T19:44:13.485Z", "user": 1, "content_type": 8, "object_id": "3", "object_repr": "Demo 150", "action_flag": 1, "change_message": "[{\"added\": {}}]"}}, {"model": "admin.logentry", "pk": 27, "fields": {"action_time": "2020-11-04T19:44:27.889Z", "user": 1, "content_type": 8, "object_id": "4", "object_repr": "Demo 300", "action_flag": 1, "change_message": "[{\"added\": {}}]"}}, {"model": "admin.logentry", "pk": 28, "fields": {"action_time": "2020-11-04T19:44:42.607Z", "user": 1, "content_type": 8, "object_id": "5", "object_repr": "Demo 295", "action_flag": 1, "change_message": "[{\"added\": {}}]"}}, {"model": "admin.logentry", "pk": 29, "fields": {"action_time": "2020-11-04T19:44:45.135Z", "user": 1, "content_type": 8, "object_id": "6", "object_repr": "None", "action_flag": 1, "change_message": "[{\"added\": {}}]"}}, {"model": "admin.logentry", "pk": 30, "fields": {"action_time": "2020-11-04T19:44:49.850Z", "user": 1, "content_type": 8, "object_id": "6", "object_repr": "None", "action_flag": 3, "change_message": ""}}, {"model": "admin.logentry", "pk": 31, "fields": {"action_time": "2020-11-04T19:48:46.125Z", "user": 1, "content_type": 9, "object_id": "9", "object_repr": "Dan", "action_flag": 1, "change_message": "[{\"added\": {}}]"}}, {"model": "admin.logentry", "pk": 32, "fields": {"action_time": "2020-11-04T19:49:11.008Z", "user": 1, "content_type": 9, "object_id": "9", "object_repr": "Dan", "action_flag": 3, "change_message": ""}}, {"model": "admin.logentry", "pk": 33, "fields": {"action_time": "2020-11-04T19:54:17.921Z", "user": 1, "content_type": 7, "object_id": "1", "object_repr": "Dan 1", "action_flag": 1, "change_message": "[{\"added\": {}}]"}}, {"model": "admin.logentry", "pk": 34, "fields": {"action_time": "2020-11-04T20:02:28.628Z", "user": 1, "content_type": 7, "object_id": "2", "object_repr": "Jeff S 2", "action_flag": 1, "change_message": "[{\"added\": {}}]"}}, {"model": "admin.logentry", "pk": 35, "fields": {"action_time": "2020-11-04T20:12:26.865Z", "user": 1, "content_type": 7, "object_id": "3", "object_repr": "Sara 3", "action_flag": 1, "change_message": "[{\"added\": {}}]"}}, {"model": "admin.logentry", "pk": 36, "fields": {"action_time": "2020-11-04T20:24:05.612Z", "user": 1, "content_type": 7, "object_id": "4", "object_repr": "Bill 4", "action_flag": 1, "change_message": "[{\"added\": {}}]"}}, {"model": "admin.logentry", "pk": 37, "fields": {"action_time": "2020-11-04T20:26:17.187Z", "user": 1, "content_type": 7, "object_id": "5", "object_repr": "Dan 2", "action_flag": 1, "change_message": "[{\"added\": {}}]"}}, {"model": "admin.logentry", "pk": 38, "fields": {"action_time": "2020-11-04T20:57:35.822Z", "user": 1, "content_type": 7, "object_id": "6", "object_repr": "Jeff S 3", "action_flag": 1, "change_message": "[{\"added\": {}}]"}}, {"model": "admin.logentry", "pk": 39, "fields": {"action_time": "2020-11-04T20:59:09.951Z", "user": 1, "content_type": 7, "object_id": "7", "object_repr": "Bill 3", "action_flag": 1, "change_message": "[{\"added\": {}}]"}}, {"model": "admin.logentry", "pk": 40, "fields": {"action_time": "2020-11-04T21:01:59.156Z", "user": 1, "content_type": 7, "object_id": "8", "object_repr": "Bill 1", "action_flag": 1, "change_message": "[{\"added\": {}}]"}}, {"model": "admin.logentry", "pk": 41, "fields": {"action_time": "2020-11-04T21:08:58.595Z", "user": 1, "content_type": 7, "object_id": "9", "object_repr": "Jeff S 2", "action_flag": 1, "change_message": "[{\"added\": {}}]"}}, {"model": "admin.logentry", "pk": 42, "fields": {"action_time": "2020-11-04T21:10:08.462Z", "user": 1, "content_type": 7, "object_id": "10", "object_repr": "Sara 4", "action_flag": 1, "change_message": "[{\"added\": {}}]"}}, {"model": "admin.logentry", "pk": 43, "fields": {"action_time": "2020-11-04T21:11:29.787Z", "user": 1, "content_type": 7, "object_id": "11", "object_repr": "Jeff S 2", "action_flag": 1, "change_message": "[{\"added\": {}}]"}}, {"model": "admin.logentry", "pk": 44, "fields": {"action_time": "2020-11-04T21:12:38.596Z", "user": 1, "content_type": 7, "object_id": "12", "object_repr": "Dan 4", "action_flag": 1, "change_message": "[{\"added\": {}}]"}}, {"model": "admin.logentry", "pk": 45, "fields": {"action_time": "2020-11-04T21:13:47.192Z", "user": 1, "content_type": 8, "object_id": "7", "object_repr": "Demo 275", "action_flag": 1, "change_message": "[{\"added\": {}}]"}}, {"model": "admin.logentry", "pk": 46, "fields": {"action_time": "2020-11-04T21:15:09.873Z", "user": 1, "content_type": 7, "object_id": "13", "object_repr": "Suzy 7", "action_flag": 1, "change_message": "[{\"added\": {}}]"}}, {"model": "admin.logentry", "pk": 47, "fields": {"action_time": "2020-11-04T21:16:10.452Z", "user": 1, "content_type": 7, "object_id": "14", "object_repr": "Suzy 5", "action_flag": 1, "change_message": "[{\"added\": {}}]"}}, {"model": "admin.logentry", "pk": 48, "fields": {"action_time": "2020-11-04T21:17:25.167Z", "user": 1, "content_type": 7, "object_id": "15", "object_repr": "Sara 2", "action_flag": 1, "change_message": "[{\"added\": {}}]"}}, {"model": "admin.logentry", "pk": 49, "fields": {"action_time": "2020-11-04T21:19:30.449Z", "user": 1, "content_type": 7, "object_id": "16", "object_repr": "Dan 7", "action_flag": 1, "change_message": "[{\"added\": {}}]"}}, {"model": "admin.logentry", "pk": 50, "fields": {"action_time": "2020-11-04T21:20:54.124Z", "user": 1, "content_type": 7, "object_id": "17", "object_repr": "Dan 5", "action_flag": 1, "change_message": "[{\"added\": {}}]"}}, {"model": "admin.logentry", "pk": 51, "fields": {"action_time": "2020-11-04T21:31:33.252Z", "user": 1, "content_type": 7, "object_id": "18", "object_repr": "Jeff S 4", "action_flag": 1, "change_message": "[{\"added\": {}}]"}}, {"model": "admin.logentry", "pk": 52, "fields": {"action_time": "2020-11-04T21:34:08.173Z", "user": 1, "content_type": 7, "object_id": "19", "object_repr": "Suzy 1", "action_flag": 1, "change_message": "[{\"added\": {}}]"}}, {"model": "admin.logentry", "pk": 53, "fields": {"action_time": "2020-11-04T22:00:38.976Z", "user": 1, "content_type": 7, "object_id": "20", "object_repr": "Dan 4", "action_flag": 1, "change_message": "[{\"added\": {}}]"}}, {"model": "admin.logentry", "pk": 54, "fields": {"action_time": "2020-11-04T22:02:08.474Z", "user": 1, "content_type": 7, "object_id": "21", "object_repr": "Jeff S 4", "action_flag": 1, "change_message": "[{\"added\": {}}]"}}, {"model": "admin.logentry", "pk": 55, "fields": {"action_time": "2020-11-04T22:03:45.048Z", "user": 1, "content_type": 7, "object_id": "22", "object_repr": "Frank 5", "action_flag": 1, "change_message": "[{\"added\": {}}]"}}, {"model": "admin.logentry", "pk": 56, "fields": {"action_time": "2020-11-04T22:05:07.765Z", "user": 1, "content_type": 7, "object_id": "23", "object_repr": "Bill 7", "action_flag": 1, "change_message": "[{\"added\": {}}]"}}, {"model": "admin.logentry", "pk": 57, "fields": {"action_time": "2020-11-04T22:06:47.420Z", "user": 1, "content_type": 7, "object_id": "24", "object_repr": "Sara 2", "action_flag": 1, "change_message": "[{\"added\": {}}]"}}, {"model": "admin.logentry", "pk": 58, "fields": {"action_time": "2020-11-04T22:08:00.513Z", "user": 1, "content_type": 7, "object_id": "25", "object_repr": "Jeff S 1", "action_flag": 1, "change_message": "[{\"added\": {}}]"}}, {"model": "auth.permission", "pk": 1, "fields": {"name": "Can add log entry", "content_type": 1, "codename": "add_logentry"}}, {"model": "auth.permission", "pk": 2, "fields": {"name": "Can change log entry", "content_type": 1, "codename": "change_logentry"}}, {"model": "auth.permission", "pk": 3, "fields": {"name": "Can delete log entry", "content_type": 1, "codename": "delete_logentry"}}, {"model": "auth.permission", "pk": 4, "fields": {"name": "Can view log entry", "content_type": 1, "codename": "view_logentry"}}, {"model": "auth.permission", "pk": 5, "fields": {"name": "Can add permission", "content_type": 2, "codename": "add_permission"}}, {"model": "auth.permission", "pk": 6, "fields": {"name": "Can change permission", "content_type": 2, "codename": "change_permission"}}, {"model": "auth.permission", "pk": 7, "fields": {"name": "Can delete permission", "content_type": 2, "codename": "delete_permission"}}, {"model": "auth.permission", "pk": 8, "fields": {"name": "Can view permission", "content_type": 2, "codename": "view_permission"}}, {"model": "auth.permission", "pk": 9, "fields": {"name": "Can add group", "content_type": 3, "codename": "add_group"}}, {"model": "auth.permission", "pk": 10, "fields": {"name": "Can change group", "content_type": 3, "codename": "change_group"}}, {"model": "auth.permission", "pk": 11, "fields": {"name": "Can delete group", "content_type": 3, "codename": "delete_group"}}, {"model": "auth.permission", "pk": 12, "fields": {"name": "Can view group", "content_type": 3, "codename": "view_group"}}, {"model": "auth.permission", "pk": 13, "fields": {"name": "Can add user", "content_type": 4, "codename": "add_user"}}, {"model": "auth.permission", "pk": 14, "fields": {"name": "Can change user", "content_type": 4, "codename": "change_user"}}, {"model": "auth.permission", "pk": 15, "fields": {"name": "Can delete user", "content_type": 4, "codename": "delete_user"}}, {"model": "auth.permission", "pk": 16, "fields": {"name": "Can view user", "content_type": 4, "codename": "view_user"}}, {"model": "auth.permission", "pk": 17, "fields": {"name": "Can add content type", "content_type": 5, "codename": "add_contenttype"}}, {"model": "auth.permission", "pk": 18, "fields": {"name": "Can change content type", "content_type": 5, "codename": "change_contenttype"}}, {"model": "auth.permission", "pk": 19, "fields": {"name": "Can delete content type", "content_type": 5, "codename": "delete_contenttype"}}, {"model": "auth.permission", "pk": 20, "fields": {"name": "Can view content type", "content_type": 5, "codename": "view_contenttype"}}, {"model": "auth.permission", "pk": 21, "fields": {"name": "Can add session", "content_type": 6, "codename": "add_session"}}, {"model": "auth.permission", "pk": 22, "fields": {"name": "Can change session", "content_type": 6, "codename": "change_session"}}, {"model": "auth.permission", "pk": 23, "fields": {"name": "Can delete session", "content_type": 6, "codename": "delete_session"}}, {"model": "auth.permission", "pk": 24, "fields": {"name": "Can view session", "content_type": 6, "codename": "view_session"}}, {"model": "auth.permission", "pk": 25, "fields": {"name": "Can add analysis", "content_type": 7, "codename": "add_analysis"}}, {"model": "auth.permission", "pk": 26, "fields": {"name": "Can change analysis", "content_type": 7, "codename": "change_analysis"}}, {"model": "auth.permission", "pk": 27, "fields": {"name": "Can delete analysis", "content_type": 7, "codename": "delete_analysis"}}, {"model": "auth.permission", "pk": 28, "fields": {"name": "Can view analysis", "content_type": 7, "codename": "view_analysis"}}, {"model": "auth.permission", "pk": 29, "fields": {"name": "Can add method", "content_type": 8, "codename": "add_method"}}, {"model": "auth.permission", "pk": 30, "fields": {"name": "Can change method", "content_type": 8, "codename": "change_method"}}, {"model": "auth.permission", "pk": 31, "fields": {"name": "Can delete method", "content_type": 8, "codename": "delete_method"}}, {"model": "auth.permission", "pk": 32, "fields": {"name": "Can view method", "content_type": 8, "codename": "view_method"}}, {"model": "auth.permission", "pk": 33, "fields": {"name": "Can add user", "content_type": 9, "codename": "add_analyst"}}, {"model": "auth.permission", "pk": 34, "fields": {"name": "Can change user", "content_type": 9, "codename": "change_analyst"}}, {"model": "auth.permission", "pk": 35, "fields": {"name": "Can delete user", "content_type": 9, "codename": "delete_analyst"}}, {"model": "auth.permission", "pk": 36, "fields": {"name": "Can view user", "content_type": 9, "codename": "view_analyst"}}, {"model": "auth.user", "pk": 1, "fields": {"password": "pbkdf2_sha256$216000$Q1MIMDY7B1BK$EdBaMsaRL69yQhqRFjPyaA16LskHdC5A6hDgtQi87kQ=", "last_login": "2020-11-08T18:12:53.956Z", "is_superuser": true, "username": "jaydeep", "first_name": "", "last_name": "", "email": "ramj@uwindsor.ca", "is_staff": true, "is_active": true, "date_joined": "2020-10-22T22:51:39.833Z", "groups": [], "user_permissions": []}}, {"model": "auth.user", "pk": 10, "fields": {"password": "pbkdf2_sha256$216000$ScfvqdCvxKFd$brNBiZNjPo8LGcWdZcoCX6hRK934VMAN8HrhenPfUfE=", "last_login": null, "is_superuser": false, "username": "dan", "first_name": "Dan", "last_name": "", "email": "", "is_staff": false, "is_active": true, "date_joined": "2020-11-04T19:49:50.457Z", "groups": [], "user_permissions": []}}, {"model": "auth.user", "pk": 11, "fields": {"password": "pbkdf2_sha256$216000$7ZNz1StFAcJO$4yOoXxjP61XZlH3fvnj1U1op0ifWZSojGYAJnePjS1E=", "last_login": "2020-11-08T17:58:22.998Z", "is_superuser": false, "username": "jeff", "first_name": "Jeff", "last_name": "S", "email": "", "is_staff": false, "is_active": true, "date_joined": "2020-11-04T19:50:15.549Z", "groups": [], "user_permissions": []}}, {"model": "auth.user", "pk": 12, "fields": {"password": "pbkdf2_sha256$216000$wK0rYDMRMn7T$gMApLsRePLVDi8RxDcX311vyg60f00H6mJg1oiPFOWg=", "last_login": null, "is_superuser": false, "username": "sara", "first_name": "Sara", "last_name": "", "email": "", "is_staff": false, "is_active": true, "date_joined": "2020-11-04T19:50:39.172Z", "groups": [], "user_permissions": []}}, {"model": "auth.user", "pk": 13, "fields": {"password": "pbkdf2_sha256$216000$XXxb9IUexvT8$HOps6RnQRCl2Nll5MByitEWveB4RCArGQN9Cnf0zCus=", "last_login": null, "is_superuser": false, "username": "bill", "first_name": "Bill", "last_name": "", "email": "", "is_staff": false, "is_active": true, "date_joined": "2020-11-04T19:50:57.491Z", "groups": [], "user_permissions": []}}, {"model": "auth.user", "pk": 14, "fields": {"password": "pbkdf2_sha256$216000$V1SpzkeIddN8$/YgywOoR8nJbbuYEFfedxgOlKriPdELx9Sbgcsf+TQ0=", "last_login": null, "is_superuser": false, "username": "suzy", "first_name": "Suzy", "last_name": "", "email": "", "is_staff": false, "is_active": true, "date_joined": "2020-11-04T19:51:14.952Z", "groups": [], "user_permissions": []}}, {"model": "auth.user", "pk": 15, "fields": {"password": "pbkdf2_sha256$216000$T3rjDY303IUx$me9eTMKk3WtNTc7CYqAXNkr171OTr7sz0lrWa3bV94w=", "last_login": null, "is_superuser": false, "username": "frank", "first_name": "Frank", "last_name": "", "email": "", "is_staff": false, "is_active": true, "date_joined": "2020-11-04T19:51:40.388Z", "groups": [], "user_permissions": []}}, {"model": "auth.user", "pk": 16, "fields": {"password": "pbkdf2_sha256$216000$EmUffLJodo6n$/CKIzgY/Rvp0jKU1V5mA7HjZa+veEvI49zMrx9Tr2l8=", "last_login": "2020-11-05T00:08:13.516Z", "is_superuser": false, "username": "joe", "first_name": "Joe", "last_name": "", "email": "", "is_staff": false, "is_active": true, "date_joined": "2020-11-04T19:52:00.917Z", "groups": [], "user_permissions": []}}, {"model": "contenttypes.contenttype", "pk": 1, "fields": {"app_label": "admin", "model": "logentry"}}, {"model": "contenttypes.contenttype", "pk": 2, "fields": {"app_label": "auth", "model": "permission"}}, {"model": "contenttypes.contenttype", "pk": 3, "fields": {"app_label": "auth", "model": "group"}}, {"model": "contenttypes.contenttype", "pk": 4, "fields": {"app_label": "auth", "model": "user"}}, {"model": "contenttypes.contenttype", "pk": 5, "fields": {"app_label": "contenttypes", "model": "contenttype"}}, {"model": "contenttypes.contenttype", "pk": 6, "fields": {"app_label": "sessions", "model": "session"}}, {"model": "contenttypes.contenttype", "pk": 7, "fields": {"app_label": "myapp", "model": "analysis"}}, {"model": "contenttypes.contenttype", "pk": 8, "fields": {"app_label": "myapp", "model": "method"}}, {"model": "contenttypes.contenttype", "pk": 9, "fields": {"app_label": "myapp", "model": "analyst"}}, {"model": "sessions.session", "pk": "1i8ta1hs3gggsw8pfp0fh06aolw6fl8o", "fields": {"session_data": "e30:1kXwxc:aH-FQvfBnCTX9pYfG1rTX6HLt3bx3dYcK_Fw5VMcfpw", "expire_date": "2020-11-12T01:42:40.008Z"}}, {"model": "sessions.session", "pk": "b52svf9qsu11f8w69eq0ie0czrhc0zcp", "fields": {"session_data": ".eJxVjEsOwjAMBe-SNYpkpzgJS_acIXJslxZQK_Wzqrg7VOoCtm9m3uYKr0tX1tmm0qu7OHCn362yPG3YgT54uI9exmGZ-up3xR909rdR7XU93L-DjufuW1NVAxAi0BCJ5BwFc4CUEyOqSoMRAaVqRWskMbWNtcoMZJxCNvf-AOAaOF8:1kaLGE:qPkGiz_-MmqnGwIbVte_zev5MDmNPZZ7o67YQtSDUvE", "expire_date": "2020-11-18T16:03:46.894Z"}}, {"model": "sessions.session", "pk": "bonf1lszutal5j8yre8x51jw7sjhw4o8", "fields": {"session_data": ".eJxVjEsOwjAMBe-SNYpkpzgJS_acIXJslxZQK_Wzqrg7VOoCtm9m3uYKr0tX1tmm0qu7OHCn362yPG3YgT54uI9exmGZ-up3xR909rdR7XU93L-DjufuW1NVAxAi0BCJ5BwFc4CUEyOqSoMRAaVqRWskMbWNtcoMZJxCNvf-AOAaOF8:1kaWcF:HMABKvqALbBbCHOq8KhVDTBKT2cWtjxXTQ3ptvXLV78", "expire_date": "2020-11-19T04:11:15.634Z"}}, {"model": "sessions.session", "pk": "h6ydvhxpcmf6fyvdu4a4zkcfnc9fwrxx", "fields": {"session_data": "e30:1kXx0x:nG6CZW1A_tF3OSVFzg4iuBGpvzalp4IjGeCzwor1qUM", "expire_date": "2020-11-12T01:46:07.303Z"}}, {"model": "sessions.session", "pk": "qcwq75ewbx7m9jxqn74yragha7g4d1r8", "fields": {"session_data": ".eJxVjEsOwjAMBe-SNYpkpzgJS_acIXJslxZQK_Wzqrg7VOoCtm9m3uYKr0tX1tmm0qu7OHCn362yPG3YgT54uI9exmGZ-up3xR909rdR7XU93L-DjufuW1NVAxAi0BCJ5BwFc4CUEyOqSoMRAaVqRWskMbWNtcoMZJxCNvf-AOAaOF8:1kXx5p:WoI-01mKUxeuuqLd5wo6PlbDpmMWn0euD0KOpEhLRUI", "expire_date": "2020-11-12T01:51:09.159Z"}}, {"model": "myapp.method", "pk": 1, "fields": {"Method_Name": "Demo 122", "Method_Number": "1.1.6.122"}}, {"model": "myapp.method", "pk": 2, "fields": {"Method_Name": "Demo 100", "Method_Number": "1.1.6.100"}}, {"model": "myapp.method", "pk": 3, "fields": {"Method_Name": "Demo 150", "Method_Number": "1.1.6.150"}}, {"model": "myapp.method", "pk": 4, "fields": {"Method_Name": "Demo 300", "Method_Number": "1.1.6.275"}}, {"model": "myapp.method", "pk": 5, "fields": {"Method_Name": "Demo 295", "Method_Number": "1.1.6.295"}}, {"model": "myapp.method", "pk": 7, "fields": {"Method_Name": "Demo 275", "Method_Number": null}}, {"model": "myapp.analyst", "pk": 10, "fields": {}}, {"model": "myapp.analyst", "pk": 11, "fields": {}}, {"model": "myapp.analyst", "pk": 12, "fields": {}}, {"model": "myapp.analyst", "pk": 13, "fields": {}}, {"model": "myapp.analyst", "pk": 14, "fields": {}}, {"model": "myapp.analyst", "pk": 15, "fields": {}}, {"model": "myapp.analyst", "pk": 16, "fields": {}}, {"model": "myapp.analysis", "pk": 1, "fields": {"analyst": 10, "method": 1, "date": "2019-02-20", "reference": "QC1234/67", "standard_RSD": 1.2, "standardStdDev": 1.3, "CorrelationOfStandards": 99.0, "peakTailing": 1.1, "resolution": 10.0}}, {"model": "myapp.analysis", "pk": 2, "fields": {"analyst": 11, "method": 2, "date": "2020-01-20", "reference": "AS950/55", "standard_RSD": 1.0, "standardStdDev": 1.1, "CorrelationOfStandards": 99.5, "peakTailing": 1.2, "resolution": 2.5}}, {"model": "myapp.analysis", "pk": 3, "fields": {"analyst": 12, "method": 3, "date": "2018-03-15", "reference": "AS989/12", "standard_RSD": 0.2, "standardStdDev": 0.2, "CorrelationOfStandards": 99.9, "peakTailing": 1.0, "resolution": null}}, {"model": "myapp.analysis", "pk": 4, "fields": {"analyst": 13, "method": 4, "date": "2020-01-20", "reference": "AS990/1", "standard_RSD": 0.2, "standardStdDev": 0.1, "CorrelationOfStandards": 100.0, "peakTailing": 1.1, "resolution": 1.5}}, {"model": "myapp.analysis", "pk": 5, "fields": {"analyst": 10, "method": 2, "date": "2020-02-20", "reference": "AS950/87", "standard_RSD": 0.2, "standardStdDev": 0.2, "CorrelationOfStandards": 99.9, "peakTailing": 1.3, "resolution": 3.0}}, {"model": "myapp.analysis", "pk": 6, "fields": {"analyst": 11, "method": 3, "date": "2020-03-20", "reference": "QC345/5", "standard_RSD": 0.5, "standardStdDev": 0.5, "CorrelationOfStandards": 99.8, "peakTailing": 1.1, "resolution": null}}, {"model": "myapp.analysis", "pk": 7, "fields": {"analyst": 13, "method": 3, "date": "2019-10-15", "reference": "AS1000/2", "standard_RSD": 1.0, "standardStdDev": 1.2, "CorrelationOfStandards": 98.0, "peakTailing": 1.2, "resolution": null}}, {"model": "myapp.analysis", "pk": 8, "fields": {"analyst": 13, "method": 1, "date": "2020-10-12", "reference": "AS500/3", "standard_RSD": 0.8, "standardStdDev": 0.9, "CorrelationOfStandards": 99.0, "peakTailing": 1.3, "resolution": 12.0}}, {"model": "myapp.analysis", "pk": 9, "fields": {"analyst": 11, "method": 2, "date": "2020-05-20", "reference": "AS1001/4", "standard_RSD": 0.1, "standardStdDev": 0.0, "CorrelationOfStandards": 99.0, "peakTailing": 1.1, "resolution": 4.0}}, {"model": "myapp.analysis", "pk": 10, "fields": {"analyst": 12, "method": 4, "date": "2018-03-10", "reference": "QC1254/8", "standard_RSD": 2.0, "standardStdDev": 2.0, "CorrelationOfStandards": 98.0, "peakTailing": 1.4, "resolution": 3.0}}, {"model": "myapp.analysis", "pk": 11, "fields": {"analyst": 11, "method": 2, "date": "2020-05-14", "reference": "AS1234/100", "standard_RSD": 2.3, "standardStdDev": 2.3, "CorrelationOfStandards": 97.0, "peakTailing": 2.0, "resolution": 3.0}}, {"model": "myapp.analysis", "pk": 12, "fields": {"analyst": 10, "method": 4, "date": "2020-02-02", "reference": "QC345/7", "standard_RSD": 0.9, "standardStdDev": 1.0, "CorrelationOfStandards": 99.0, "peakTailing": 1.0, "resolution": 3.0}}, {"model": "myapp.analysis", "pk": 13, "fields": {"analyst": 14, "method": 7, "date": "2020-02-03", "reference": "AS1001/9", "standard_RSD": 1.0, "standardStdDev": 1.0, "CorrelationOfStandards": 98.0, "peakTailing": 1.1, "resolution": 4.0}}, {"model": "myapp.analysis", "pk": 14, "fields": {"analyst": 14, "method": 5, "date": "2020-05-04", "reference": "AS1010/54", "standard_RSD": 2.0, "standardStdDev": 2.0, "CorrelationOfStandards": 99.0, "peakTailing": 1.2, "resolution": null}}, {"model": "myapp.analysis", "pk": 15, "fields": {"analyst": 12, "method": 2, "date": "2020-05-06", "reference": "AS2345/9", "standard_RSD": 1.0, "standardStdDev": 1.0, "CorrelationOfStandards": 99.0, "peakTailing": 1.0, "resolution": 4.0}}, {"model": "myapp.analysis", "pk": 16, "fields": {"analyst": 10, "method": 7, "date": "2020-05-07", "reference": "AS1258/7", "standard_RSD": 2.0, "standardStdDev": 2.0, "CorrelationOfStandards": 98.0, "peakTailing": 1.5, "resolution": 6.0}}, {"model": "myapp.analysis", "pk": 17, "fields": {"analyst": 10, "method": 5, "date": "2020-07-07", "reference": "QC456/8", "standard_RSD": 1.5, "standardStdDev": 1.5, "CorrelationOfStandards": 99.0, "peakTailing": 1.0, "resolution": null}}, {"model": "myapp.analysis", "pk": 18, "fields": {"analyst": 11, "method": 4, "date": "2020-10-08", "reference": "AS1259/10", "standard_RSD": 0.2, "standardStdDev": 0.2, "CorrelationOfStandards": 100.0, "peakTailing": 1.2, "resolution": 3.0}}, {"model": "myapp.analysis", "pk": 19, "fields": {"analyst": 14, "method": 1, "date": "2019-04-15", "reference": "QC3456/9", "standard_RSD": 0.2, "standardStdDev": 0.2, "CorrelationOfStandards": 99.9, "peakTailing": 1.1, "resolution": 15.0}}, {"model": "myapp.analysis", "pk": 20, "fields": {"analyst": 10, "method": 4, "date": "2020-06-06", "reference": "AS999/2", "standard_RSD": 0.8, "standardStdDev": 0.9, "CorrelationOfStandards": 100.1, "peakTailing": 1.2, "resolution": 4.0}}, {"model": "myapp.analysis", "pk": 21, "fields": {"analyst": 11, "method": 4, "date": "2019-06-07", "reference": "AS998/3", "standard_RSD": 0.5, "standardStdDev": 0.5, "CorrelationOfStandards": 99.9, "peakTailing": 1.2, "resolution": 5.0}}, {"model": "myapp.analysis", "pk": 22, "fields": {"analyst": 15, "method": 5, "date": "2020-08-08", "reference": "QC345/6", "standard_RSD": 1.2, "standardStdDev": 1.3, "CorrelationOfStandards": 100.0, "peakTailing": 1.0, "resolution": null}}, {"model": "myapp.analysis", "pk": 23, "fields": {"analyst": 13, "method": 7, "date": "2020-10-09", "reference": "AS997/6", "standard_RSD": 1.3, "standardStdDev": 1.5, "CorrelationOfStandards": 99.0, "peakTailing": 1.2, "resolution": 5.0}}, {"model": "myapp.analysis", "pk": 24, "fields": {"analyst": 12, "method": 2, "date": "2020-10-10", "reference": "AS1002/89", "standard_RSD": 0.5, "standardStdDev": 0.5, "CorrelationOfStandards": 100.1, "peakTailing": 1.0, "resolution": 4.0}}, {"model": "myapp.analysis", "pk": 25, "fields": {"analyst": 11, "method": 1, "date": "2019-09-12", "reference": "AS400/3", "standard_RSD": 0.2, "standardStdDev": 0.2, "CorrelationOfStandards": 100.0, "peakTailing": 1.2, "resolution": 4.0}}]